log return,90th percentile degree,mean closeness centrality,mean betweenness centrality,mean eigenvector centrality,mean clustering,Max eigenvalue stock returns,Community Stability,largest component,Resilience
-0.0004215123327425384,0.25051334702258726,0.2524126601962871,0.003299335997764726,0.027776134983758798,0.4358266906265857,224.76069377092867,0.0020491803278688526,421,1.0053619302949062
-0.0016068065602019175,0.16427104722792607,0.3302394216472006,0.003771020977029288,0.028924590792337695,0.4830933351091783,271.4653218928776,0.0430327868852459,474,1.0023474178403755
0.00189332498285189,0.16632443531827515,0.3117797707323731,0.0033335522062458846,0.027912611268074122,0.4389199535491208,278.6386007954594,0.0020491803278688526,454,1.0
0.000950098590746804,0.25728952772073926,0.2569607463322262,0.002133023891363677,0.02767792374781052,0.4187119609813075,288.757548114305,0.08401639344262295,390,1.0292397660818713
-0.0013141490151189754,0.2073921971252567,0.29487166241382856,0.003604805701112969,0.029081905543411942,0.48983387328675265,264.06911643355033,0.004098360655737705,452,1.0024752475247525
-0.0014450356671747348,0.20533880903490762,0.27228795953185136,0.003332253514122359,0.028539899634281652,0.41137057888164336,276.58703066315036,0.010245901639344262,432,1.0078125
-0.0008062082862495061,0.2135523613963039,0.290930283561249,0.002069890138265343,0.029343179613932274,0.43009798470236055,336.15248304634474,0.2520491803278688,405,1.0140056022408963
-0.0032657902659176253,0.1971252566735113,0.3422295950995991,0.003292236480822785,0.029637345886526948,0.4479578034583623,271.3791182389464,0.06762295081967214,466,1.0047846889952152
-0.0011315658558703463,0.188911704312115,0.373070008129299,0.0032381589407991717,0.030194005009115527,0.4649970831471545,290.41174516341357,0.23155737704918034,478,1.0
0.001047992798205167,0.1915811088295688,0.32740388214290594,0.003273223628134368,0.029613177583713367,0.4102170151279312,314.3154013558832,0.2827868852459016,456,1.0073529411764706
-0.0005894168292846295,0.1540041067761807,0.28496290200837837,0.0034449973063393766,0.027964622103101883,0.4203809565161909,267.93276668815827,0.23975409836065573,443,1.0075949367088608
0.003006831085009817,0.19096509240246407,0.2711587284538155,0.0021765733672392414,0.02789771898753265,0.43539211172693393,385.1232724518381,0.006147540983606557,400,1.0284090909090908
0.00013490959984470267,0.2018480492813142,0.27565859426276107,0.002902698107344973,0.029276536363410547,0.4068682260739191,314.1697852256925,0.022540983606557378,421,1.002680965147453
-0.0011410844725509598,0.21622176591375772,0.3470643272456449,0.003506174363304931,0.027805346790890362,0.44671400647518206,200.18136415569245,0.0,474,1.0
-6.108423360266564e-05,0.16221765913757702,0.36307553652634367,0.003373153658065931,0.03284421688799992,0.4430749508613683,255.49229006026104,0.32786885245901637,478,0.9953379953379954
0.0010970464350811846,0.18480492813141686,0.2759003898449696,0.0033652229781649325,0.02848038017064339,0.43725336004641857,362.26930170374254,0.0,434,0.9870466321243523
0.0010413632854491706,0.17926078028747436,0.2619698730904155,0.0023308579915141034,0.02891756932812628,0.39391931335054553,326.0418158799631,0.020491803278688523,399,1.0085470085470085
-0.0016095302624153597,0.20390143737166327,0.2280977182718595,0.0031839775054056762,0.027061242612602076,0.39615189200820866,256.61973165609373,0.018442622950819672,405,1.011204481792717
0.0022835321260258616,0.15605749486652978,0.35245774981285927,0.003545031231640822,0.027973515033193806,0.3853751647985289,147.89553749429686,0.018442622950819672,479,1.0092807424593968
0.0006875098360608015,0.19917864476386038,0.31849596817946807,0.0034016036735186354,0.0292333710229351,0.40813834213940725,200.24080026196418,0.38934426229508196,457,1.0048899755501222
0.0006553030203462676,0.17659137577002054,0.2631190265178174,0.0037810295643279264,0.02649402892670564,0.37623063094894477,232.0726915567471,0.15778688524590165,440,0.9948979591836735
0.000136148993640446,0.18275154004106778,0.3802359397788931,0.00328797677065762,0.027564338513705933,0.35703714813022597,146.81474227226045,0.004098360655737705,483,1.0022988505747126
-0.0017982155409697923,0.15605749486652978,0.2890824989169268,0.003137778697598119,0.030774424710503193,0.44610881219611725,350.75013980168114,0.014344262295081968,437,1.0154241645244215
0.00024963854213621466,0.17987679671457912,0.3989545279995513,0.0027944218160328837,0.032672107023424005,0.3879237031909831,211.72415985611912,0.3012295081967213,476,1.0023364485981308
-0.001531666180679072,0.17864476386036962,0.3541611920188617,0.003183232921921521,0.031353057399049575,0.4210177322043398,284.26757114612445,0.01639344262295082,468,1.0047619047619047
0.0016135026599594408,0.20390143737166327,0.28462955683158414,0.003441274388918603,0.02731816841623272,0.40052084837176904,224.46201251892833,0.0,443,1.010126582278481
-0.00012261200279841558,0.24702258726899387,0.26590462700607875,0.0018257533349374778,0.0289296257662733,0.3838556528590614,302.0464799376071,0.018442622950819672,383,1.0119402985074626
-0.000758370908443173,0.21971252566735114,0.26205823748056156,0.002436848584688787,0.028409499980974,0.3832704931285608,264.88630025058404,0.010245901639344262,401,1.0056657223796035
5.3485177908706166e-05,0.19917864476386038,0.37259629132740035,0.003463525313968345,0.02693760158839577,0.3562421960413997,156.46110610086353,0.32991803278688525,484,0.9977064220183486
0.0007517438645281686,0.19979466119096512,0.39553556577201,0.0031805489581995684,0.0277994279009989,0.3544184764864147,165.78431494646296,0.004098360655737705,486,1.0
-0.0012455308938887338,0.23059548254620127,0.30858803054357614,0.0037618089208997446,0.028397551486620657,0.4450723892547159,225.83152894556886,0.020491803278688523,462,1.0048309178743962
0.0021715359540197344,0.20123203285420946,0.34703719186749415,0.0034619149357351725,0.02967678543556193,0.47644151214754715,276.0107390196628,0.3155737704918033,472,1.0047169811320755
-0.0010900883230100687,0.21765913757700206,0.2617491237418126,0.0026236178279467736,0.02774556208003002,0.42295955534691293,264.47648724623303,0.036885245901639344,408,1.0194444444444444
-0.0011679666085159985,0.17720739219712528,0.39484383294394104,0.0029710785766223504,0.03135835325326722,0.38365422282766803,181.51132785711934,0.004098360655737705,480,1.0
0.00022524494398710646,0.21067761806981525,0.30133855181031816,0.0034194736771383503,0.028792672770932476,0.35911428060925327,224.19072541244904,0.028688524590163935,448,0.9924812030075187
0.0009410412832101317,0.19917864476386038,0.24385600600002552,0.003152150890431804,0.02703089065482216,0.3777331741396218,265.50325437711365,0.12704918032786885,413,1.0136986301369864
-0.0022281710902045514,0.23819301848049282,0.2818109830527891,0.002399117249526618,0.029452765062751275,0.4334651731141918,321.54639784016086,0.10860655737704918,410,1.0222222222222221
-0.0011341966013060562,0.2238193018480493,0.3226046048967085,0.0027062146470030134,0.028790511267684026,0.4264059803465161,270.7619844101594,0.0,440,1.0025510204081634
0.0008783668137534125,0.1971252566735113,0.34463454039035946,0.002782075582911899,0.032790396626882365,0.43633023653749364,279.88208424113003,0.23770491803278687,452,1.0074441687344913
-0.000476102132701995,0.14784394250513347,0.258014904996012,0.0025393413670774414,0.027153180830452473,0.40822704749135924,331.86535823276245,0.0860655737704918,406,1.0251396648044693
-0.0006368985785587706,0.1716632443531828,0.35555659991686556,0.0034372571012831637,0.029145433680447613,0.41690982708910157,200.47392869420577,0.0020491803278688526,477,1.0023310023310024
0.00020484063628237298,0.21683778234086248,0.27240428736777006,0.002035102505249833,0.02856474007163553,0.416240111576333,335.0162805008311,0.08196721311475409,395,1.0345821325648414
0.0017302682743049159,0.1437371663244353,0.34550838349137164,0.003673913437979521,0.0290375222502338,0.38664640140573436,191.2915042634173,0.20491803278688525,479,0.988399071925754
0.00033747213170780803,0.1437371663244353,0.24307584209198513,0.0032359425062416874,0.0289315387502368,0.4177245498872296,276.43035839751644,0.33401639344262296,417,1.008130081300813
0.00041810132564563246,0.21765913757700206,0.3673357789425388,0.00315140630694765,0.028893496421492568,0.3943556629488257,188.31029843715868,0.028688524590163935,473,1.011764705882353
0.0016709180263458792,0.19507186858316222,0.3697299466039006,0.003389603758297257,0.027435398424701576,0.35660250374033436,158.056713320431,0.2540983606557377,481,1.0046189376443417
0.00013073967939089036,0.17453798767967146,0.3996000320704075,0.0030491732629837,0.029753673117597818,0.3386471640389161,144.2479623940444,0.29918032786885246,484,0.9931192660550459
-0.002127022744910296,0.17310061601642712,0.2309866126540737,0.0038331157764288,0.026098024652240065,0.379462206122209,226.17126975056564,0.03278688524590164,423,1.016
0.002083319936749549,0.1806981519507187,0.37367397880107917,0.0032598211254195814,0.030042102512487814,0.37357336335329416,188.86073931089228,0.23155737704918034,479,1.0046620046620047
-0.0008357185945434234,0.20041067761806988,0.2657599874042032,0.002962437945027159,0.02718145754442517,0.37590826857366527,233.45498513296823,0.0,420,1.0053763440860215
0.001021054687331754,0.2018480492813142,0.44127706618030277,0.002598423200750374,0.03194351774693851,0.3488292413204033,131.06848556733112,0.26639344262295084,486,1.0
-0.00019959279774524452,0.19917864476386038,0.3951802882613048,0.002842282949758554,0.03316919582436039,0.38816050597946605,154.64832247094193,0.00819672131147541,476,1.0
0.0022082131972319765,0.2018480492813142,0.3575060027087614,0.0034279238338887578,0.027002814671448994,0.45713212056495794,206.2063841172179,0.23155737704918034,478,1.0
-0.0015591396612606168,0.18480492813141686,0.3001276797451477,0.003165380234196787,0.029821553557353286,0.41507880706466904,203.51971067737028,0.022540983606557378,444,1.0075757575757576
0.0001662935630621092,0.20595482546201235,0.35757326380703347,0.003067597375242786,0.030761825759724346,0.407725587347519,216.69124081636704,0.5491803278688525,466,1.0
-0.001004284757929465,0.18275154004106778,0.3590234570568259,0.003343959059129071,0.03318129626634541,0.3950642208140591,148.8415028678312,0.07172131147540983,475,1.0023419203747073
0.0004452928042339208,0.20800821355236143,0.34113821940604766,0.0031589040894741383,0.030381430286645843,0.4301178765535862,233.60854584376986,0.1864754098360656,461,1.0048426150121066
2.5110670317440455e-05,0.24086242299794663,0.3139886542540408,0.0030487230497142116,0.028582360720631285,0.4253992136032119,248.03760902496097,0.14344262295081966,445,1.0075566750629723
-0.002009510962203876,0.1669404517453799,0.23494959298895465,0.0030983504047278764,0.02596789540148225,0.408731860177011,266.2775760230512,0.022540983606557378,409,1.0138504155124655
-0.0006360224165464331,0.17453798767967146,0.3567362472640272,0.003311024226876458,0.03095597411359971,0.4226648350911986,225.51199481986046,0.48770491803278687,473,0.9929411764705882
0.0001555655634169882,0.14907597535934297,0.2672257597631741,0.0025257657054128515,0.0287032142913529,0.3801335528964615,343.86824626848477,0.004098360655737705,409,1.0166204986149585
-0.0005188524251367491,0.20533880903490762,0.39184787662333354,0.003120878384097304,0.028264796525324497,0.379048732483026,163.54656415709658,0.010245901639344262,483,1.0
0.0013137427436502964,0.19917864476386038,0.3474301273323857,0.003566121991726881,0.029378538415975947,0.3786985867695986,177.43344843504283,0.2459016393442623,475,1.0
-0.0007873527537346517,0.19096509240246407,0.3512953047525341,0.0032872495030684457,0.02922729515499731,0.383538641908001,198.3372818190112,0.01639344262295082,470,1.0
-0.0001927373191563072,0.16632443531827515,0.4338016166059119,0.002729158207851969,0.035158868667634985,0.3488670611216418,129.89200064364218,0.2889344262295082,488,1.0
-0.0027321284683844427,0.21560574948665298,0.2798141637148442,0.004010309329762657,0.02877140779690836,0.5132604982707291,289.0615085307545,0.00819672131147541,455,1.0
-0.0010359133391010535,0.23059548254620127,0.2250827481022826,0.0022595857677750087,0.02707631671951974,0.4148759827125443,331.7492192624715,0.444672131147541,377,1.027355623100304
0.00046973572199810116,0.17659137577002054,0.2319606639865117,0.0030600303291363757,0.02605448733981801,0.38912009206830733,291.269687674799,0.02663934426229508,405,1.0140056022408963
0.0015880095577483471,0.1915811088295688,0.24725728325479016,0.003633394243725516,0.02658915016144172,0.4436102537641805,261.1886388651104,0.22336065573770492,428,1.0131926121372032
-0.0006888445508366565,0.14784394250513347,0.2985302005694305,0.0035416200003296947,0.026526188539404888,0.4306893916338942,313.83778366109215,0.14549180327868852,453,1.0049382716049382
0.0006571142122015535,0.18952772073921972,0.3280096045271532,0.00369252802508339,0.02664126198487152,0.43200500154835525,211.93034626263628,0.21311475409836064,471,0.9881796690307328
0.0007999786034882685,0.14435318275154005,0.28311441936399234,0.00310003004654097,0.02663424586919475,0.38024562063487327,230.7056616397483,0.13319672131147542,435,1.0077519379844961
0.0013685588546775655,0.1971252566735113,0.3296046563997676,0.003125397832687173,0.029209331523149785,0.3932440674216588,223.54325942068712,0.07377049180327869,455,1.0
-0.0003595485007312399,0.15195071868583163,0.2724603349759932,0.00428902597536627,0.0261574665866927,0.4131243683569986,192.72549441737266,0.02663934426229508,458,0.9853658536585366
-0.00036684674440653066,0.2669404517453799,0.39008505121735915,0.002830334982222117,0.030320377929475752,0.41915468845828335,190.5809969059162,0.19467213114754098,472,1.0023584905660377
0.0010601855153299091,0.20123203285420946,0.39524014661856005,0.003047701411910371,0.03355657429513003,0.4374255847048811,157.65042424950272,0.012295081967213115,482,1.0023041474654377
-0.0002074085327935434,0.19096509240246407,0.36869743313179587,0.00326326698852067,0.02727321369847148,0.4336704352627878,182.55744203152761,0.18032786885245902,478,1.0023255813953489
-5.47665948775171e-05,0.19301848049281314,0.40699324029341327,0.002944689152672307,0.030244200406106092,0.3783488289893523,149.08393373083135,0.0,484,1.0
0.0002374942449986997,0.18952772073921972,0.3952385155003787,0.003158557771574532,0.02825594544039265,0.39123977185577224,157.5681165528658,0.26844262295081966,486,1.0
-0.0005826636906765618,0.1540041067761807,0.37793328231480156,0.003336114958702976,0.029579915214350896,0.3581193856615146,161.91709101288768,0.2151639344262295,484,0.9977064220183486
-0.00048588976477061845,0.24435318275154005,0.301668669545381,0.003394313681731911,0.02750053982893173,0.4219324646594305,213.85234937340314,0.05737704918032787,448,1.0025
-0.0002784463611981018,0.18275154004106778,0.31025010239906015,0.00331616704768562,0.03036987884395515,0.42322759503634955,198.88649965143628,0.010245901639344262,452,1.0123762376237624
0.0016438542163383176,0.16016427104722794,0.3237100355557726,0.0035825894078531876,0.02757098897782252,0.35615213790193156,161.39943780680906,0.07991803278688525,466,0.9832535885167464
-0.001006354563725681,0.18275154004106778,0.21255197087796604,0.0026515137347601077,0.026287771251013104,0.3821543293613429,269.5028235016151,0.04918032786885246,383,1.0149700598802396
-0.0006685528732140673,0.16078028747433268,0.23688200974147544,0.002679028691883874,0.027441971270292714,0.35710164485112483,259.07325742594327,0.040983606557377046,398,1.0142857142857142
-0.00029043894841213405,0.22997946611909653,0.42918177858754886,0.002838421505177937,0.031897625151748606,0.35550391017443717,151.51292039127085,0.5409836065573771,488,1.0
-0.0005233753604124311,0.12997946611909653,0.3133741991328624,0.0037116967208266297,0.02825549949069744,0.3871199589334541,204.5302801989204,0.010245901639344262,465,0.9952038369304557
0.0003771055236730709,0.19507186858316222,0.43724123987869734,0.0027003099268147162,0.030471220626302024,0.34801118792138364,128.774351368077,0.5430327868852459,488,0.9977272727272727
-0.0004037738002903431,0.17104722792607804,0.2342195290368486,0.0031704191596360672,0.026734441106166608,0.3721884811239216,215.2467804214564,0.036885245901639344,410,1.0249307479224377
0.00023482856066471292,0.1806981519507187,0.3813106554288442,0.0030424720116263076,0.029852083944457368,0.41612075940661103,185.8360828675133,0.00819672131147541,477,1.0
-9.873644605107804e-05,0.16837782340862423,0.39021361414321865,0.003132445401944173,0.02921294863884036,0.36520372959893654,139.76141286945423,0.15368852459016394,483,1.0
-0.0013813156726256912,0.21560574948665298,0.3560795317351838,0.003100341732650616,0.026993946516126105,0.4452025163287078,183.28401018438558,0.1680327868852459,468,1.0047619047619047
0.0004658205621621406,0.18336755646817252,0.3773512781254547,0.0031438912085261805,0.030941903109471248,0.42275679635816954,182.78218457828694,0.29098360655737704,478,0.9976744186046511
0.0001702487937274516,0.23203285420944558,0.24697099199799782,0.0026492973002026237,0.027327854734249642,0.41150395833766906,224.40904830312007,0.022540983606557378,402,0.9943502824858758
0.0016586483304706773,0.2546201232032854,0.2503165851812265,0.0030196323461472337,0.02755177684068385,0.44956877002278534,227.0715803303924,0.03483606557377049,414,1.0191256830601092
0.0008630837064278588,0.24702258726899387,0.4084010705960665,0.0028194259683845,0.033032402325071084,0.408005328754084,178.681329689635,0.006147540983606557,479,1.0023201856148491
2.1032304007035218e-05,0.16632443531827515,0.3562292349367921,0.003419768047353016,0.027585673593206086,0.3481823966843176,144.50822886315146,0.0020491803278688526,476,0.985981308411215
0.0012137760927385592,0.18480492813141686,0.2611414398031509,0.0034750923318152146,0.0256457434439962,0.37929529106302795,181.65358518384048,0.006147540983606557,433,1.0104166666666667
0.0003131285978339863,0.16550308008213557,0.38460466480955824,0.003031580313683671,0.03009110812952899,0.39938834798157913,192.49755934333515,0.1987704918032787,478,1.0046620046620047
-0.0004421947737566495,0.2264887063655031,0.26635527926555835,0.002982697542154161,0.027009476055394544,0.4035049084264401,251.35345175307864,0.08811475409836066,421,1.0295698924731183
-0.0006178337974027593,0.17453798767967146,0.40947756408985114,0.003014524157128033,0.03175033771428601,0.35607576846995803,137.44584131877127,0.006147540983606557,487,0.9977220956719818
-1.9869786845355655e-05,0.18131416837782344,0.3198544601292348,0.003662034734023005,0.026555638899901993,0.3901602872451743,180.48927531192675,0.05327868852459016,466,0.9952153110047847
0.0006663631046949687,0.18480492813141686,0.38589596768986434,0.003029259983756305,0.028812155065373185,0.38257439505227003,162.75519158105976,0.030737704918032786,478,0.9930232558139535
0.0012969669552081644,0.13963039014373718,0.325773800367051,0.0037016535017380305,0.03070849558183366,0.3678435697874397,162.74335902894842,0.0020491803278688526,471,0.9976359338061466
-0.00015943898015181092,0.20123203285420946,0.3267355119511208,0.0034163568160418883,0.02718876071407937,0.46903225193161646,185.01929580984302,0.42008196721311475,463,1.0048309178743962
0.0006716394772664534,0.20533880903490762,0.390877545422496,0.0031853800928990836,0.02702008392337505,0.3992942095656829,167.08926155096975,0.5327868852459017,485,1.002288329519451
0.0009879804111976695,0.2963039014373717,0.4076928487502022,0.003011667034456276,0.029553833014037908,0.3688570344646313,171.46286749841502,0.2766393442622951,484,1.0
0.00019054248275766737,0.22176591375770022,0.40678664100730544,0.003077779121491228,0.028756771249024957,0.33174432134240533,153.69751149525732,0.02663934426229508,487,1.0
0.0002099663895734915,0.2607802874743327,0.4473950574563714,0.0026187001137723564,0.030996972061049656,0.3302871122279145,147.03689495587773,0.4323770491803279,488,1.0
0.00027540745237751194,0.2073921971252567,0.29238112934337795,0.0034117334720821365,0.027011239012992155,0.3720131751030922,187.37822241356236,0.030737704918032786,445,0.982367758186398
0.00029341936076899655,0.23408624229979466,0.4443980961832082,0.0026348038961040766,0.030027492353335888,0.3293732775655973,140.13709830865258,0.6536885245901639,488,1.0
0.00023942475045778065,0.24640657084188913,0.41775977186152696,0.0029273732576919633,0.02786898765131121,0.337778192578915,142.33733556035546,0.5266393442622951,487,1.0
-0.0005365208737921638,0.19363449691991788,0.3728300465026217,0.003234158969058712,0.02682304247119033,0.3845444119829861,153.15175018917174,0.32991803278688525,479,1.0046403712296983
0.0002191961436924438,0.24825462012320337,0.3663737837737559,0.003274435740782992,0.02858279603468294,0.35589662976432074,171.4848781167506,0.20901639344262296,475,0.9976580796252927
-0.0006172543281135281,0.23819301848049282,0.27382168044504956,0.00344165533860817,0.027631174200418072,0.37898135670852173,209.72881354151284,0.00819672131147541,436,1.0025773195876289
-0.00013356301077185935,0.16283367556468176,0.3456944476423398,0.003307855418095055,0.027212328441758585,0.35543703524404124,173.36689709230697,0.02459016393442623,469,0.997624703087886
-0.0003448211942824494,0.2813141683778234,0.2443188241377138,0.0015307597480523428,0.028272844571921217,0.40359833499476194,296.2570024772594,0.5799180327868853,361,1.0319488817891374
-0.0005197676969582004,0.21006160164271048,0.2880112165844713,0.002132106148929718,0.029080289839342716,0.3825441305193353,280.3581129357741,0.03483606557377049,406,1.0279329608938548
-5.5056202875481154e-05,0.19774127310061604,0.3126189126442647,0.0035230746768057466,0.026063024011814463,0.3586424718861436,168.1444029898748,0.0389344262295082,459,1.0
-0.0007805315198455644,0.1704312114989733,0.40573422455488173,0.003031770788528455,0.029728914205720977,0.34068001745736026,159.0698340207589,0.01639344262295082,486,1.0
-0.0006800988276798482,0.17659137577002054,0.4253241717719566,0.002854040442450207,0.03706231601138918,0.3438502158480148,140.14802453131287,0.0020491803278688526,488,1.0
-2.7491852905757175e-05,0.13408624229979468,0.3936730005416477,0.0031991635453034375,0.03034484886194217,0.30598221935299025,122.63080426500923,0.020491803278688523,487,1.0
-0.0004184233892119611,0.1648870636550308,0.27963984502819483,0.003490849796247327,0.025423649452846375,0.3569299169765445,186.75086881713403,0.3360655737704918,444,0.9974683544303797
0.000889788125435294,0.18131416837782344,0.26134297543391083,0.0028474950341476376,0.027530956117572374,0.39200300534590715,278.7041917948007,0.00819672131147541,415,1.008174386920981
0.0007597638421141605,0.11088295687885011,0.37803343927476196,0.0033058294583823544,0.028962090228778777,0.33180062133471794,109.15754022838252,0.35450819672131145,484,1.0
-0.00016038678632217024,0.2640657084188912,0.26668480889664264,0.0031022811128884145,0.02777912455022202,0.3933452691938556,229.91412461551187,0.11885245901639344,423,1.0213333333333334
-0.0006050017080659959,0.21149897330595482,0.44847945236412934,0.0025888475108262437,0.0312143912484278,0.32464488760695354,130.3613043237328,0.12704918032786885,488,1.0
0.00030752335867664544,0.16899383983572897,0.40870986151946287,0.0030155631108268535,0.029479495946511447,0.32600258497851453,132.57357927420546,0.03278688524590164,487,1.0
-0.00039848892674519356,0.17864476386036962,0.432705165030464,0.0027171582926305907,0.03593705049173442,0.33918030468937627,122.49649331619452,0.29508196721311475,487,1.0
0.0007263249729607559,0.20800821355236143,0.3274635911600497,0.0037258957547105123,0.026823133596404213,0.35749661081157896,177.78850331871317,0.0471311475409836,470,1.004739336492891
-0.00057729039670453,0.18275154004106778,0.407206127763883,0.0030546970334824303,0.029732957974710185,0.3138022338024961,135.6942661734246,0.0,487,1.0
-0.0002839348816667508,0.17864476386036962,0.31591592483583,0.003663021740036884,0.028116315779089365,0.34586503286721326,214.90282909485515,0.16598360655737704,462,1.0048309178743962
-0.0009442727944842213,0.1868583162217659,0.37731103649605463,0.0031986094366640667,0.02838436640415891,0.34437549489041913,182.31118326404422,0.4487704918032787,479,1.0046403712296983
-0.0007165793800734083,0.17104722792607804,0.23056754996279163,0.0024913763379818894,0.02648594835822097,0.32813818959493324,221.56909157179794,0.24385245901639344,389,1.0117302052785924
0.0002178268365836534,0.18275154004106778,0.34125548836256603,0.003253293033011992,0.028575205083650766,0.4218691341044823,224.96766730569587,0.20491803278688525,465,1.0
-0.0013129769818221503,0.16632443531827515,0.27271073164474685,0.0036437318330287813,0.02374557754770398,0.40715674473413366,222.40436386406742,0.055327868852459015,445,1.0075757575757576
0.0003092874691824479,0.17248459958932238,0.3436261293773701,0.0031386271764521556,0.028749531947737036,0.40513610817719503,218.7162233921683,0.3012295081967213,463,0.9975903614457832
0.0006924418542862736,0.17720739219712528,0.32028294645258437,0.003320011176371256,0.028271445771172205,0.4143227822164891,249.80453542210063,0.03483606557377049,457,1.0098039215686274
0.00135616414605898,0.20944558521560575,0.2848077613547987,0.0034373956284430057,0.028479156376060345,0.41864531654416504,240.8131350976899,0.19262295081967212,441,1.0076335877862594
-0.0008130785798641083,0.19363449691991788,0.2987846849798056,0.003182574917912268,0.02824996761833192,0.41534375198776147,237.16596918257085,0.13729508196721313,442,0.9949238578680203
0.0006228267036519437,0.20944558521560575,0.2037788221762723,0.0029437194625534075,0.026821282614236698,0.36737571035954025,265.47014248981446,0.06762295081967214,384,1.0327380952380953
-0.0011379471249161398,0.20944558521560575,0.2223690808854556,0.0026075140456150543,0.02606723396877298,0.38087264620918326,243.91547764698575,0.006147540983606557,387,1.0265486725663717
-0.0015845452746504917,0.18131416837782344,0.3254627698605909,0.003745185661718615,0.0294704212837805,0.42358090264214654,231.6507603840852,0.00819672131147541,471,1.0070921985815602
0.00015467752002249868,0.22587268993839837,0.25797292789156817,0.002246512267064849,0.0286430789853336,0.37495379729079736,261.2310850029324,0.012295081967213115,394,1.0289017341040463
-0.00024776356954818543,0.1971252566735113,0.29343668513561316,0.0037168049098458313,0.027124145385572198,0.3997338485782807,212.75893828506474,0.0,455,1.0073710073710074
5.8843179156299204e-05,0.19301848049281314,0.3957181234964604,0.0028818324538936587,0.029678971784288927,0.38428323395262576,167.0110044906309,0.0,478,1.0023255813953489
0.0007856310253966525,0.1868583162217659,0.3719366846473556,0.0031619690028856593,0.027089106797216767,0.3607664015921281,157.5234490618373,0.4364754098360656,476,1.0
0.001849108845527646,0.20328542094455854,0.18983807985184467,0.0012953501557945706,0.02585653809828651,0.3498589351876352,279.7249911229562,0.05122950819672131,324,1.0289855072463767
-0.00020988652391675148,0.3203285420944559,0.47612722430191406,0.0023318969452129235,0.031058216208046333,0.3289040249077659,148.78292068080734,0.02663934426229508,488,1.0
-0.0008309328736788657,0.13141683778234087,0.38355660800092245,0.003205570426446165,0.03013146538355704,0.30426679446511573,116.86006689810581,0.21311475409836064,483,0.9954022988505747
0.0007501766841668923,0.23613963039014374,0.3238947973594735,0.003663368057936491,0.027833917900463478,0.37199122270874463,195.1854485868898,0.10040983606557377,466,1.0047846889952152
0.0004974190025558345,0.2285420944558522,0.24675394514388874,0.0026833576656289594,0.027287072649181367,0.3823325713944558,230.10978887116386,0.03278688524590164,400,1.0198863636363635
0.0002604643531938206,0.16078028747433268,0.34727446975084897,0.0036522858851490707,0.02728786014544316,0.3186707536192916,156.61756991962537,0.0020491803278688526,478,0.9906976744186047
0.00011551787451084964,0.20533880903490762,0.33164407055228395,0.003595333906558721,0.02645398415755691,0.35325395358018047,166.64687616033635,0.22745901639344263,469,0.995249406175772
-5.64337018969704e-06,0.18275154004106778,0.3789263313368799,0.003357292298263936,0.029242625336779435,0.3557934402122711,148.25013654975362,0.045081967213114756,484,0.9977064220183486
0.0004648520365417699,0.26283367556468173,0.28805572263560364,0.0033603052639905157,0.02699910280281042,0.40768370191154063,209.37949486664337,0.006147540983606557,441,1.0
0.0012401774273911653,0.1293634496919918,0.38165269061049845,0.003323249248732581,0.030448213824491546,0.3802496207980291,163.33468348537562,0.39344262295081966,486,0.997716894977169
-0.0005050932806850182,0.16632443531827515,0.35643981434197214,0.0030203596137364083,0.03232234450207822,0.39973258951184093,176.56804769364018,0.02459016393442623,466,0.9976076555023924
0.0002643425123048365,0.25728952772073926,0.3261036447014448,0.0031995618108879853,0.028706247198794988,0.4034279892681338,191.02969621930316,0.06762295081967214,455,0.9975429975429976
0.0009057364569782514,0.23613963039014374,0.358900363056836,0.003133380460273112,0.027938839801538762,0.42370720143322094,180.1545627846049,0.006147540983606557,469,1.002375296912114
0.00018004906903854888,0.23059548254620127,0.4567114418733079,0.0024797054247651376,0.03404098804450252,0.33711536178038787,133.8144888972441,0.0020491803278688526,487,1.0
0.0021691758930778935,0.23675564681724848,0.23994820849666132,0.0031053633421949155,0.0272962786966722,0.4037626656386389,240.57979096275653,0.1168032786885246,410,1.011049723756906
0.0005412113159938176,0.188911704312115,0.4164940731629133,0.0028334518433185784,0.034118790255540814,0.35169708839577946,139.9477543698591,0.17827868852459017,484,0.9977064220183486
-0.0008402409370222682,0.20944558521560575,0.3614353181286611,0.003133224617218288,0.03030806773439651,0.45939135460004166,292.2328661112137,0.014344262295081968,469,0.997624703087886
0.0010601731400237402,0.18275154004106778,0.2809523646283682,0.0028318760968753676,0.02858174320594422,0.36684539668890787,268.47894663013574,0.23565573770491804,424,0.9946808510638298
0.00017963366886403619,0.16221765913757702,0.40237093965694615,0.003076203375048017,0.030762415898284025,0.33331839520526957,151.64649476653875,0.0,486,1.0
-0.00011897788838101549,0.2531827515400411,0.27884925892808576,0.003597671552381067,0.028881690314801638,0.4682894451505079,242.63835997068665,0.0389344262295082,441,1.0
-0.0010661536352519752,0.19301848049281314,0.15964140940035584,0.0036459136357963056,0.02543269983406254,0.3714068475435137,227.60675239150197,0.0430327868852459,373,0.9969230769230769
0.00023816507621579846,0.1704312114989733,0.3581861239959286,0.0034081144500312448,0.030713775467069562,0.41375560605322753,156.85228443309535,0.03278688524590164,477,0.9953379953379954
2.3754727901058523e-05,0.2402464065708419,0.32913563664764794,0.003026229702134745,0.028374807052429358,0.39432266323989146,202.9620967526258,0.0778688524590164,452,0.9925742574257426
-0.00025351436215067835,0.20800821355236143,0.3736049300565997,0.003232098377556051,0.02960091718715347,0.4135462448798344,182.22192647429227,0.006147540983606557,478,0.9976744186046511
-0.001196419914057759,0.13347022587268995,0.3323110208908143,0.0038532714781859202,0.028931454140627304,0.4071526498035633,161.9832123021945,0.01639344262295082,478,0.9976744186046511
0.0007914016438001649,0.17720739219712528,0.41595995730063146,0.0028860055845839217,0.034835789086709736,0.3745952480928961,134.65193598004112,0.030737704918032786,486,1.0
0.0003871982547248835,0.1806981519507187,0.30515807822451907,0.003457412803040283,0.026872974942017062,0.40444777609528954,197.1665186059674,0.0430327868852459,454,0.9901234567901235
8.738695582448142e-05,0.17248459958932238,0.29063755918548256,0.0033548507570717078,0.025530774242388782,0.386819096126364,181.28014361006962,0.0,445,1.0
0.00039646969509642653,0.1971252566735113,0.4521198603305737,0.0025388738379129717,0.03482528715978836,0.31423403003324896,124.77332581224097,0.305327868852459,488,1.0
0.0003306441832736072,0.17104722792607804,0.37356487926118925,0.003154228797829446,0.030467341071306275,0.4055512928095484,140.905925436594,0.0020491803278688526,477,1.0
-6.092939685670994e-05,0.21416837782340864,0.3603125863979583,0.003365707823224383,0.028386156542160906,0.4420763952610216,195.1183853840877,0.01639344262295082,476,1.0023364485981308
-0.00013887829408777238,0.1868583162217659,0.2510192057100076,0.0024768829338833414,0.028427854084056955,0.4002232322641782,268.852137445741,0.3401639344262295,398,0.997134670487106
0.0003254482030451176,0.18275154004106778,0.3822778221005582,0.003195544523252546,0.029523965792094712,0.38335761502453275,143.7307641104163,0.319672131147541,481,0.9907621247113164
0.0008974199724650631,0.22238193018480495,0.4280627222580417,0.002840793782790245,0.031119641712024693,0.35287114056501057,142.2713106290668,0.8913934426229508,488,1.0
-0.0011242253594291847,0.22710472279260788,0.22326987676252405,0.0019669471426072005,0.027214643083163414,0.42690554047692925,302.3073633101537,0.03278688524590164,367,1.0282131661442007
0.0012760534948978,0.19568788501026696,0.24777144435468326,0.002648968298197997,0.02641741555948926,0.3742030156745282,203.05193020678408,0.018442622950819672,404,1.0140449438202248
-0.0006692561502437306,0.2648870636550308,0.42006347868156596,0.0028039801900620336,0.03167301657392709,0.42251572817923794,173.37550550339893,0.5122950819672131,483,1.0022988505747126
0.0011979024778044696,0.17453798767967146,0.25413328432761956,0.0030827660992455673,0.026048875883246385,0.38569004504584253,177.56909861683937,0.006147540983606557,420,1.0134408602150538
-0.00032778872972313064,0.16221765913757702,0.3791852880583107,0.003412997532415702,0.029564670998082906,0.3458506080221422,125.89593553334576,0.0020491803278688526,486,0.9954337899543378
0.000283224233446208,0.27926078028747436,0.4366126971423662,0.0027253313950613128,0.03041667295479081,0.3819185953757616,164.30814127584856,0.006147540983606557,487,0.9977220956719818
0.0008075385714672933,0.21149897330595482,0.38559619470610323,0.0031383847539224316,0.02788616094162742,0.39850642359080707,145.3607633976137,0.004098360655737705,480,1.0
0.0002818344328554225,0.18275154004106778,0.40264249746252684,0.002979840419482404,0.031194970981796032,0.38003372080465736,142.3871661069329,0.24385245901639344,483,1.0
0.0004985848157130753,0.16632443531827515,0.3667733839796674,0.0033124787620548066,0.029061569954574058,0.367584523998126,157.77474334181375,0.018442622950819672,478,1.0023255813953489
4.813850311724724e-05,0.2135523613963039,0.33099479127733333,0.0038438862631065738,0.027667689014186092,0.3751599213967754,180.66072856382368,0.29098360655737704,474,1.0023474178403755
-0.0003651954272769441,0.25051334702258726,0.2844122119804664,0.0035037155062177224,0.02814585799916867,0.4225143223223244,224.3235913844699,0.004098360655737705,443,1.0177215189873419
0.0004925238904941338,0.1273100616016427,0.37389316978574394,0.003343647373019425,0.02649414953577349,0.31762582006186907,135.52967271012375,0.29918032786885246,483,0.993103448275862
0.00026342597560102967,0.1751540041067762,0.45487586536618957,0.00250855370580239,0.03504082562276637,0.30010041438606305,113.79815872885264,0.305327868852459,488,1.0
0.0007339117187957029,0.21622176591375772,0.30837145019004814,0.003315128093986799,0.027764503096534218,0.3794564814969422,196.76838603704192,0.14344262295081966,451,0.9975186104218362
-6.839021323582556e-05,0.19507186858316222,0.40893130701652863,0.003012602092785215,0.030921143368878492,0.3445662343984227,141.28732768320884,0.01639344262295082,486,1.0
0.001261490169293765,0.18336755646817252,0.22973769175166267,0.0024807963261488995,0.025686742741669055,0.3523481612719344,213.58185460161326,0.26434426229508196,388,1.0147058823529411
-0.0012268877579869318,0.16221765913757702,0.2411182453443747,0.0029524986213084418,0.0269672595217251,0.3921876531406802,199.23527348996637,0.0,410,1.0138121546961325
0.000750269194403152,0.2135523613963039,0.33688405192001053,0.003033692852871273,0.028623130787514932,0.3754280202722741,182.9014403866359,0.19262295081967212,456,0.9926470588235294
-0.00047385572367227664,0.18747433264887065,0.33966320656631166,0.0031423327779779497,0.030340957041927144,0.458958248965894,238.59503089716952,0.004098360655737705,461,0.9951573849878934
-0.0012174453574550883,0.21006160164271048,0.18139365337984745,0.002499116543038103,0.026154421395071736,0.39144603259244964,249.5682048308375,0.0,361,1.0320512820512822
-0.0010456589734212523,0.1437371663244353,0.2713380502628029,0.003735021231365153,0.02737114528180225,0.41031620064903307,230.0414943334301,0.22336065573770492,445,1.0050377833753148
-0.0007935104844233846,0.16632443531827515,0.28819709097927576,0.003357603984373582,0.027751447285984953,0.38851595816763307,204.29092120758276,0.3094262295081967,444,1.005050505050505
-1.135689037826024e-05,0.15195071868583163,0.343247708832966,0.0033565650306747624,0.03024378332897032,0.3925748889870819,199.59998302110162,0.01639344262295082,469,0.997624703087886
0.00047591544553471664,0.23059548254620127,0.37179595718974506,0.002990299220050532,0.029237527698155574,0.3965732026400776,203.19495243294367,0.2786885245901639,470,1.0023696682464456
0.00044971311125920505,0.19301848049281314,0.3003805507615572,0.0036966145762987513,0.026447301512520664,0.4172744182581379,188.2975281642356,0.01639344262295082,457,1.0073349633251834
0.0001431259072487268,0.23408624229979466,0.31968218307158514,0.0029616067820681024,0.02858245250237764,0.4377528109886113,219.66327852756814,0.16598360655737704,447,1.0100250626566416
-0.0003357958415498826,0.17659137577002054,0.3172598343074283,0.0030964976039649797,0.0301420051680277,0.3706941161668049,198.78286937305882,0.01639344262295082,450,1.0049751243781095
-0.0004814138889445145,0.17453798767967146,0.3999613258502313,0.002924291028385462,0.03176468524734582,0.4043830582407268,168.7049809260552,0.018442622950819672,481,0.9976905311778291
0.000994122580894576,0.2607802874743327,0.3585990776740802,0.0030260565431849415,0.030184372527944325,0.4300434389839452,196.0627196030454,0.004098360655737705,464,1.0096153846153846
0.00022958364439127211,0.2264887063655031,0.4170155989033912,0.0029610007257437902,0.031302513451144744,0.3552592748111209,164.2866166660262,0.010245901639344262,487,0.9977220956719818
0.000806170071828693,0.21149897330595482,0.4166782344698937,0.002886351902483529,0.03126230845919206,0.3474379121383172,153.19488291318763,0.0020491803278688526,485,1.002288329519451
0.00018056130506058824,0.1901437371663245,0.3321710250194691,0.003230297524478095,0.027911731956666113,0.3845091108882974,174.8219343934122,0.014344262295081968,460,1.0048543689320388
0.0009736467292441927,0.188911704312115,0.31700623828730473,0.0028929838902610008,0.029887613451247727,0.39462794723416006,183.7323358351853,0.02459016393442623,444,0.9949494949494949
4.686837181368104e-05,0.2238193018480493,0.46955275607159824,0.00237655463836723,0.03293480729598632,0.30995268774551515,120.56781146784564,0.21721311475409835,488,0.9977272727272727
-0.00016175756611315256,0.23613963039014374,0.42218198089871317,0.0028407245192103225,0.03169846235124627,0.37636109883715074,146.34970306668959,0.014344262295081968,485,0.9977116704805492
-0.0008121703574676265,0.1806981519507187,0.3248570014046647,0.0032923576920876473,0.030256288236016823,0.39972034509898063,220.24992872405193,0.020491803278688523,458,1.002439024390244
-0.0013802306061023073,0.22792607802874745,0.3301803774247704,0.002851546953573038,0.02892644406103624,0.42671222711157697,210.2500877093433,0.010245901639344262,448,1.005
0.00015198968316507044,0.23613963039014374,0.46195000933973107,0.002463497747063535,0.03545328712817546,0.3682561079238756,148.22111639265748,0.8995901639344263,488,1.0
5.90236942333459e-05,0.1806981519507187,0.3635040312809801,0.0033810497061769677,0.027658816965237053,0.39350868950882495,182.71187662383662,0.2520491803278688,479,1.0023201856148491
0.0003803648441896256,0.19096509240246407,0.3791162796440735,0.0033226951400932097,0.029249167914708767,0.3584799159130963,150.94879223231587,0.00819672131147541,483,1.0
-0.0002604858326373066,0.2546201232032854,0.464075596302771,0.0024197058486582464,0.03413151578263053,0.35545363613451614,144.16566340811508,0.004098360655737705,487,1.0
0.0005675340130480269,0.2613963039014374,0.26229426863633926,0.002914784602041253,0.027123879289399664,0.44647558350464006,241.49391398207456,0.02663934426229508,417,1.016260162601626
-0.0012104671472430927,0.24435318275154005,0.2610827429611355,0.0025516529684084656,0.02847862159037537,0.41837547850893364,258.1834920752836,0.022540983606557378,404,1.0140449438202248
0.000742201457802999,0.19507186858316222,0.42404742693411496,0.0028823519307430694,0.030745075870990547,0.32442762916569373,135.30055901932803,0.022540983606557378,488,1.0
3.063465679642249e-05,0.17248459958932238,0.39696499736308416,0.0031532937395005074,0.029153943493918293,0.32986633272060467,130.64357575229732,0.0389344262295082,486,1.0
-9.207687849836458e-05,0.24229979466119098,0.2690123611437862,0.0030610346510452358,0.02832877499450354,0.38574873407545907,230.49864954698862,0.006147540983606557,422,1.0053475935828877
-0.00024899627392667775,0.19507186858316222,0.3540776069933316,0.0030716839264581476,0.02834058732196871,0.35808955556120714,168.1226151444561,0.010245901639344262,465,0.9928057553956835
-0.0004235506239821684,0.19507186858316222,0.3771588830136635,0.00334439195650358,0.02991057265069009,0.37159940690178417,164.58927395757348,0.18237704918032788,483,1.0
0.0002989377672014007,0.20123203285420946,0.3911808626337143,0.0031772935699432635,0.028819982470465084,0.3389555770428215,151.709636400675,0.16188524590163936,484,1.0022935779816513
0.0005356624393067601,0.27577002053388094,0.46594574062105515,0.0024218183878458484,0.0310879148133977,0.3343790754258151,145.92211171840034,0.12704918032786885,488,1.0
0.0007204018174564666,0.17864476386036962,0.4312669414830845,0.002735201455200109,0.03177648943664834,0.3011379127158908,116.84020763519229,0.0020491803278688526,487,1.0
0.0006454197461111119,0.2449691991786448,0.28371848623361473,0.002821763614206847,0.029035675819759486,0.37547411335453446,231.49477207498362,0.09631147540983606,422,1.0
0.0012303743036123048,0.21211498973305956,0.2276954019075203,0.002604362552728632,0.02704219796949216,0.37277634749953614,227.57551441756328,0.014344262295081968,388,1.0176470588235293
-0.001087406613893628,0.1806981519507187,0.3379302757747876,0.0034458977328783546,0.02746947522306608,0.3633154028553806,175.60369243166937,0.06762295081967214,468,0.9928571428571429
0.0004960167451934153,0.19507186858316222,0.39931558454686106,0.0030069224792316617,0.0335216641597593,0.3767939637559178,143.14515585464338,0.006147540983606557,482,0.9907834101382489
-0.001219957572183041,0.2607802874743327,0.4270673409933961,0.0028529668569614265,0.02932719032801992,0.3659412979620637,160.07210628198214,0.38729508196721313,488,1.0
0.0005539730419564117,0.20390143737166327,0.257162521520941,0.0035048756711814058,0.026592731812220615,0.40950676548589676,246.32154549837995,0.014344262295081968,429,1.018421052631579
